{"val_loss": 3.5969247817993164, "lr": 0, "mfu": 65.00735832914947, "_timestamp": 1741550448.065333, "_runtime": 8992.672219281, "_step": 10000}